	title	href
0	Lãi 5.878 tỷ, thu nhập bình quân của nhân viên Vietcombank gần 38 triệu/tháng	https://www.24h.com.vn/kinh-doanh/lai-5878-ty-thu-nhap-binh-quan-cua-nhan-vien-vietcombank-gan-38-trieu-thang-c161a1044949.html
1	"1001 kiểu mặc chào hè của chị em Việt khiến người xung quanh ""đỏ mặt"""	https://www.24h.com.vn/thoi-trang/1001-kieu-thoi-trang-chao-he-cua-cac-bong-hong-khien-dan-tinh-do-mat-c78a1044912.html
2	Bí ẩn 13 cái chết trong đêm với biểu tượng quỷ dữ: Hành tung bất định của hung thủ	https://www.24h.com.vn/an-ninh-hinh-su/bi-an-13-cai-chet-trong-dem-voi-bieu-tuong-quy-du-hanh-tung-bat-dinh-cua-hung-thu-c51a1044901.html
3	Trò chơi không mất tiền ở Việt Nam, nhưng ở đây chơi một giây cũng mất toi trăm nghìn	https://www.24h.com.vn/thi-truong-tieu-dung/tro-choi-khong-mat-tien-o-viet-nam-nhung-o-day-choi-mot-giay-cung-mat-toi-tram-nghin-c52a1044887.html
4	Hình xăm kín đáo quanh ngực, hông quả táo của chị em gây tò mò	https://www.24h.com.vn/lam-dep/hinh-xam-kin-dao-quanh-nguc-hong-qua-tao-cua-chi-em-gay-to-mo-c145a1044913.html
5	Tác hại ghê gớm của nắng gắt ngày hè đối với da người	https://www.24h.com.vn/suc-khoe-doi-song/tac-hai-ghe-gom-cua-nang-gat-ngay-he-doi-voi-da-nguoi-c62a1044951.html
6	Bảng giá xe ga 2019 Honda Vario 150: Chênh hơn 16 triệu đồng	https://www.24h.com.vn/xe-may-xe-dap/bang-gia-xe-ga-2019-honda-vario-150-chenh-hon-16-trieu-dong-c748a1044915.html
7		https://www.24h.com.vn/o-to/cuoi-cung-thi-mercedes-benz-cung-chinh-thuc-gioi-thieu-gls-2020-the-he-thu-4-hoan-toan-moi-x167-c747a1044412.html
8	Cuộc chạm mặt bất ngờ với tình cũ của chồng khiến tôi bừng tỉnh	https://www.24h.com.vn/ban-tre-cuoc-song/cuoc-cham-mat-bat-ngo-voi-tinh-cu-cua-chong-khien-toi-bung-tinh-c64a1044975.html
9	"Nữ MC đóng ""Người phán xử"" từng xuất hiện bên HLV Park giờ ra sao?"	https://www.24h.com.vn/doi-song-showbiz/nu-mc-dong-nguoi-phan-xu-tung-xuat-hien-ben-hlv-park-gio-ra-sao-c729a1044891.html
10	Đại tiệc F1 Việt Nam Grand Prix: Trải nghiệm tốc độ mãn nhãn tại Hà Nội	https://www.24h.com.vn/the-thao/dai-tiec-f1-viet-nam-grand-prix-trai-nghiem-toc-do-man-nhan-tai-ha-noi-c101a1044941.html
11	1001 công việc trước khi vào nghề của các cô đào phim 18+	https://www.24h.com.vn/giai-tri/1001-cong-viec-truoc-khi-vao-nghe-cua-cac-co-dao-phim-18-c731a1044880.html
12	Bánh xèo tôm nhảy, bún cột lạ miệng khi đến vùng đất Quy Nhơn	https://www.24h.com.vn/am-thuc/banh-xeo-tom-nhay-banh-cot-la-mieng-khi-den-vung-dat-quy-nhon-c460a1044889.html
13	Những điểm đến đẹp nhất Đông Nam Á xứng đáng cho kỳ nghỉ lễ 30/4 sắp tới	https://www.24h.com.vn/du-lich-24h/nhung-diem-den-dep-nhat-dong-nam-a-xung-dang-cho-ky-nghi-le-30-4-sap-toi-c76a1044922.html
