content,result
Thời sự,Thời sự
content,result
Góc nhìn,Góc nhìn
content,result
Thế giới,Thế giới
content,result
Kinh doanh,Kinh doanh
content,result
Giải trí,Giải trí
content,result
Thể thao,Thể thao
content,result
Pháp luật,Pháp luật
content,result
Giáo dục,Giáo dục
content,result
Sức khỏe,Sức khỏe
content,result
Đời sống,Đời sống
content,result
Du lịch,Du lịch
content,result
Khoa học,Khoa học
content,result
Số hóa,Số hóa
content,result
Xe,Xe
content,result
Ý kiến,Ý kiến
content,result
Tâm sự,Tâm sự
content,result
Cười,Cười
content,result
Rao vặt,Rao vặt
content,result
quảng cáo,quảng cáo
content,result
Trang nhất,Trang nhất
content,result
TP HCM chi 8.000 tỷ đồng chống ngập năm nay,TP HCM chi 8.000 tỷ đồng chống ngập năm nay
content,result
TP HCM chi 8.000 tỷ đồng chống ngập năm nay,TP HCM chi 8.000 tỷ đồng chống ngập năm nay
content,result
"Chuyên gia: 'Quy hoạch lạc hậu, TP HCM phải đổi cách chống ngập'","Chuyên gia: 'Quy hoạch lạc hậu, TP HCM phải đổi cách chống ngập'"
content,result
Trẻ em ở Hà Nội bị xâm hại nhiều nhất nước trong năm 2018,Trẻ em ở Hà Nội bị xâm hại nhiều nhất nước trong năm 2018
content,result
HAGL - vẻ đẹp lạc lối ở V-League,HAGL - vẻ đẹp lạc lối ở V-League
content,result
Đối thủ của Từ Hiểu Đông được gọi là 'Ibrahimovic trong võ thuật',Đối thủ của Từ Hiểu Đông được gọi là 'Ibrahimovic trong võ thuật'
content,result
Ong bắp cày khổng lồ có thể giết người bằng một vết đốt,Ong bắp cày khổng lồ có thể giết người bằng một vết đốt
content,result
Golfer Hàn Quốc vô địch ANA Inspiration 2019,Golfer Hàn Quốc vô địch ANA Inspiration 2019
content,result
"Ngày hội đánh nhau bằng gối ở Anh, Mỹ","Ngày hội đánh nhau bằng gối ở Anh, Mỹ"
content,result
Mùa hoa ô môi hồng rực rỡ ở miền Tây,Mùa hoa ô môi hồng rực rỡ ở miền Tây
content,result
Hà Nội dự kiến chi hơn 14 tỷ đồng mỗi năm hỗ trợ vé tàu Cát Linh - Hà Đông,Hà Nội dự kiến chi hơn 14 tỷ đồng mỗi năm hỗ trợ vé tàu Cát Linh - Hà Đông
content,result
Nga có thể loại biên sớm tàu sân bay duy nhất,Nga có thể loại biên sớm tàu sân bay duy nhất
content,result
Nông dân lao đao vì cây sachi mất giá ở Đắk Lắk,Nông dân lao đao vì cây sachi mất giá ở Đắk Lắk
content,result
Công đức: chuyện một dòng tiền không kiểm toán,Công đức: chuyện một dòng tiền không kiểm toán
content,result
Công đức: chuyện một dòng tiền không kiểm toán,Công đức: chuyện một dòng tiền không kiểm toán
content,result
Quá trình cồn cát 15 ha trồi lên mặt biển ở Quảng Nam,Quá trình cồn cát 15 ha trồi lên mặt biển ở Quảng Nam
content,result
Quá trình cồn cát 15 ha trồi lên mặt biển ở Quảng Nam,Quá trình cồn cát 15 ha trồi lên mặt biển ở Quảng Nam
content,result
Đảo cát dài hơn 1 km xuất hiện ở cửa biển Hội An,Đảo cát dài hơn 1 km xuất hiện ở cửa biển Hội An
content,result
Quang Hải chuyền bóng bằng lưng như Ronaldo và Ronaldinho,Quang Hải chuyền bóng bằng lưng như Ronaldo và Ronaldinho
content,result
Quang Hải chuyền bóng bằng lưng như Ronaldo và Ronaldinho,Quang Hải chuyền bóng bằng lưng như Ronaldo và Ronaldinho
content,result
HLV Hà Nội: 'Quang Hải đã bắt nhịp trở lại'',HLV Hà Nội: 'Quang Hải đã bắt nhịp trở lại''
content,result
Hà Nội trở lại đỉnh bảng V-League,Hà Nội trở lại đỉnh bảng V-League
content,result
Thi thể bé trai nhiều vết đâm bị vùi dưới đất,Thi thể bé trai nhiều vết đâm bị vùi dưới đất
content,result
Thi thể bé trai nhiều vết đâm bị vùi dưới đất,Thi thể bé trai nhiều vết đâm bị vùi dưới đất
content,result
'Lật mặt 4' sẽ phát hành ở Mỹ và Australia,'Lật mặt 4' sẽ phát hành ở Mỹ và Australia
content,result
'Lật mặt 4' sẽ phát hành ở Mỹ và Australia,'Lật mặt 4' sẽ phát hành ở Mỹ và Australia
content,result
'Avengers: Endgame' và loạt phim chiếu rạp tháng 4,'Avengers: Endgame' và loạt phim chiếu rạp tháng 4
content,result
Lý Hải dựng cối xay gió 14 m quay cảnh đám cưới cho 200 cặp,Lý Hải dựng cối xay gió 14 m quay cảnh đám cưới cho 200 cặp
content,result
Sự nghiệp thăng trầm của Chủ tịch Korean Air vừa qua đời,Sự nghiệp thăng trầm của Chủ tịch Korean Air vừa qua đời
content,result
Sự nghiệp thăng trầm của Chủ tịch Korean Air vừa qua đời,Sự nghiệp thăng trầm của Chủ tịch Korean Air vừa qua đời
content,result
Chủ tịch Korean Air ra tòa vì con gái,Chủ tịch Korean Air ra tòa vì con gái
content,result
Korean Air vắng khách sau scandal hạt mắc ca,Korean Air vắng khách sau scandal hạt mắc ca
content,result
"200 tài xế lái bán tải leo dốc, vượt bùn lầy trên đường đua Hà Nội","200 tài xế lái bán tải leo dốc, vượt bùn lầy trên đường đua Hà Nội"
content,result
"200 tài xế lái bán tải leo dốc, vượt bùn lầy trên đường đua Hà Nội","200 tài xế lái bán tải leo dốc, vượt bùn lầy trên đường đua Hà Nội"
content,result
Lý do Triều Tiên lo ngại 'hậu quả thảm khốc' khi Hàn Quốc sở hữu F-35,Lý do Triều Tiên lo ngại 'hậu quả thảm khốc' khi Hàn Quốc sở hữu F-35
content,result
Lý do Triều Tiên lo ngại 'hậu quả thảm khốc' khi Hàn Quốc sở hữu F-35,Lý do Triều Tiên lo ngại 'hậu quả thảm khốc' khi Hàn Quốc sở hữu F-35
content,result
Triều Tiên cảnh báo về hậu quả thảm khốc nếu Hàn Quốc triển khai F-35,Triều Tiên cảnh báo về hậu quả thảm khốc nếu Hàn Quốc triển khai F-35
content,result
Cô gái ghép gan đầu tiên tại Việt Nam sau 15 năm,Cô gái ghép gan đầu tiên tại Việt Nam sau 15 năm
content,result
Cô gái ghép gan đầu tiên tại Việt Nam sau 15 năm,Cô gái ghép gan đầu tiên tại Việt Nam sau 15 năm
content,result
Ca ghép gan đầu tiên tại Việt Nam thành công,Ca ghép gan đầu tiên tại Việt Nam thành công
content,result
Ca ghép gan đầu tiên kết thúc khả quan,Ca ghép gan đầu tiên kết thúc khả quan
content,result
Hồ Văn Cường lớn bổng sau ba năm đoạt quán quân Idol Kids,Hồ Văn Cường lớn bổng sau ba năm đoạt quán quân Idol Kids
content,result
Hồ Văn Cường lớn bổng sau ba năm đoạt quán quân Idol Kids,Hồ Văn Cường lớn bổng sau ba năm đoạt quán quân Idol Kids
content,result
"Hồ Văn Cường hát, nhảy sôi động trước 20.000 khán giả Cần Thơ","Hồ Văn Cường hát, nhảy sôi động trước 20.000 khán giả Cần Thơ"
content,result
"Chiếc xe phân tích vết nứt, ổ gà trên mặt đường Việt Nam","Chiếc xe phân tích vết nứt, ổ gà trên mặt đường Việt Nam"
content,result
"Chiếc xe phân tích vết nứt, ổ gà trên mặt đường Việt Nam","Chiếc xe phân tích vết nứt, ổ gà trên mặt đường Việt Nam"
content,result
Mazda CX-8 - xe 7 chỗ sẽ ra mắt Việt Nam tháng 6,Mazda CX-8 - xe 7 chỗ sẽ ra mắt Việt Nam tháng 6
content,result
Mazda CX-8 - xe 7 chỗ sẽ ra mắt Việt Nam tháng 6,Mazda CX-8 - xe 7 chỗ sẽ ra mắt Việt Nam tháng 6
content,result
Chánh án Tòa tối cao Mỹ mong con 'gặp xui xẻo và thất bại',Chánh án Tòa tối cao Mỹ mong con 'gặp xui xẻo và thất bại'
content,result
Chánh án Tòa tối cao Mỹ mong con 'gặp xui xẻo và thất bại',Chánh án Tòa tối cao Mỹ mong con 'gặp xui xẻo và thất bại'
content,result
Lý do các con của Donald Trump thành tài dù 'ngậm thìa vàng mà lớn',Lý do các con của Donald Trump thành tài dù 'ngậm thìa vàng mà lớn'
content,result
Dân công sở ngủ gật trên đường bộc lộ văn hóa làm việc kiệt sức ở Nhật,Dân công sở ngủ gật trên đường bộc lộ văn hóa làm việc kiệt sức ở Nhật
content,result
Dân công sở ngủ gật trên đường bộc lộ văn hóa làm việc kiệt sức ở Nhật,Dân công sở ngủ gật trên đường bộc lộ văn hóa làm việc kiệt sức ở Nhật
content,result
Vì sao người Nhật luôn đúng giờ một cách tuyệt đối?,Vì sao người Nhật luôn đúng giờ một cách tuyệt đối?
content,result
Gang thép Thái Nguyên nguy cơ phá sản,Gang thép Thái Nguyên nguy cơ phá sản
content,result
Gang thép Thái Nguyên nguy cơ phá sản,Gang thép Thái Nguyên nguy cơ phá sản
content,result
"Quy mô gần 10.000 tỷ, Gang thép Thái Nguyên lãi chưa tới 5 tỷ đồng","Quy mô gần 10.000 tỷ, Gang thép Thái Nguyên lãi chưa tới 5 tỷ đồng"
content,result
Trang phục truyền thống trong lễ đăng quang của Nhật hoàng,Trang phục truyền thống trong lễ đăng quang của Nhật hoàng
content,result
Trang phục truyền thống trong lễ đăng quang của Nhật hoàng,Trang phục truyền thống trong lễ đăng quang của Nhật hoàng
content,result
Nhiệm vụ 'biểu tượng quốc gia và đoàn kết dân tộc' của Nhật hoàng,Nhiệm vụ 'biểu tượng quốc gia và đoàn kết dân tộc' của Nhật hoàng
content,result
PSG lỡ cơ hội đăng quang sớm tám vòng ở Ligue 1,PSG lỡ cơ hội đăng quang sớm tám vòng ở Ligue 1
content,result
PSG lỡ cơ hội đăng quang sớm tám vòng ở Ligue 1,PSG lỡ cơ hội đăng quang sớm tám vòng ở Ligue 1
content,result
Video,Video
content,result
Nông dân lao đao vì cây sachi mất giá ở Đắk Lắk,Nông dân lao đao vì cây sachi mất giá ở Đắk Lắk
content,result
Nông dân lao đao vì cây sachi mất giá ở Đắk Lắk,Nông dân lao đao vì cây sachi mất giá ở Đắk Lắk
content,result
Những vật liệu thân thiện môi trường thay cho nhựa ở Việt Nam,Những vật liệu thân thiện môi trường thay cho nhựa ở Việt Nam
content,result
Những vật liệu thân thiện môi trường thay cho nhựa ở Việt Nam,Những vật liệu thân thiện môi trường thay cho nhựa ở Việt Nam
content,result
Người dân miền Tây tát ao bắt cá đồng mùa nước cạn,Người dân miền Tây tát ao bắt cá đồng mùa nước cạn
content,result
Người dân miền Tây tát ao bắt cá đồng mùa nước cạn,Người dân miền Tây tát ao bắt cá đồng mùa nước cạn
content,result
"Hàng trăm chú cún khoe sắc, tranh tài ở Sài Gòn","Hàng trăm chú cún khoe sắc, tranh tài ở Sài Gòn"
content,result
"Hàng trăm chú cún khoe sắc, tranh tài ở Sài Gòn","Hàng trăm chú cún khoe sắc, tranh tài ở Sài Gòn"
content,result
69 nam nữ chơi ma túy trong quán karaoke ở Hưng Yên,69 nam nữ chơi ma túy trong quán karaoke ở Hưng Yên
content,result
69 nam nữ chơi ma túy trong quán karaoke ở Hưng Yên,69 nam nữ chơi ma túy trong quán karaoke ở Hưng Yên
content,result
Các nghi thức trong 3 ngày tết té nước tại Thái Lan,Các nghi thức trong 3 ngày tết té nước tại Thái Lan
content,result
Các nghi thức trong 3 ngày tết té nước tại Thái Lan,Các nghi thức trong 3 ngày tết té nước tại Thái Lan
content,result
"Trai tráng mình trần hò hét, ngồi kéo co bằng dây song","Trai tráng mình trần hò hét, ngồi kéo co bằng dây song"
content,result
"Trai tráng mình trần hò hét, ngồi kéo co bằng dây song","Trai tráng mình trần hò hét, ngồi kéo co bằng dây song"
content,result
Những chiếc xe siêu lớn tại Việt Nam,Những chiếc xe siêu lớn tại Việt Nam
content,result
Những chiếc xe siêu lớn tại Việt Nam,Những chiếc xe siêu lớn tại Việt Nam
content,result
Dàn xe cổ hội tụ trong công viên ở Sài Gòn,Dàn xe cổ hội tụ trong công viên ở Sài Gòn
content,result
Dàn xe cổ hội tụ trong công viên ở Sài Gòn,Dàn xe cổ hội tụ trong công viên ở Sài Gòn
content,result
Hàng dài người chờ cả tiếng mua bánh trôi chay ngày Tết Hàn thực,Hàng dài người chờ cả tiếng mua bánh trôi chay ngày Tết Hàn thực
content,result
Hàng dài người chờ cả tiếng mua bánh trôi chay ngày Tết Hàn thực,Hàng dài người chờ cả tiếng mua bánh trôi chay ngày Tết Hàn thực
content,result
Thọc que đào bắt dông trên bãi cát ở Vũng Tàu,Thọc que đào bắt dông trên bãi cát ở Vũng Tàu
content,result
Thọc que đào bắt dông trên bãi cát ở Vũng Tàu,Thọc que đào bắt dông trên bãi cát ở Vũng Tàu
content,result
Hàng loạt nhà dân lún nứt trong khu đô thị Văn Phú,Hàng loạt nhà dân lún nứt trong khu đô thị Văn Phú
content,result
Hàng loạt nhà dân lún nứt trong khu đô thị Văn Phú,Hàng loạt nhà dân lún nứt trong khu đô thị Văn Phú
content,result
Thời sự,Thời sự
content,result
Nông nghiệp sạch,Nông nghiệp sạch
content,result
Hà Nội dự kiến chi hơn 14 tỷ đồng mỗi năm hỗ trợ vé tàu Cát Linh - Hà Đông,Hà Nội dự kiến chi hơn 14 tỷ đồng mỗi năm hỗ trợ vé tàu Cát Linh - Hà Đông
content,result
Đề xuất gắn bảng điện tử 'xe hợp đồng' trên nóc xe Grab,Đề xuất gắn bảng điện tử 'xe hợp đồng' trên nóc xe Grab
content,result
Cựu binh trả lại tài sản 40 triệu đồng cho du khách Anh,Cựu binh trả lại tài sản 40 triệu đồng cho du khách Anh
content,result
Thế giới,Thế giới
content,result
Tư liệu,Tư liệu
content,result
Phân tích,Phân tích
content,result
Cuộc sống đó đây,Cuộc sống đó đây
content,result
Đế chế gây dựng trên vàng của hoàng đế giàu nhất mọi thời đại,Đế chế gây dựng trên vàng của hoàng đế giàu nhất mọi thời đại
content,result
"Ngày hội đánh nhau bằng gối ở Anh, Mỹ","Ngày hội đánh nhau bằng gối ở Anh, Mỹ"
content,result
Nga có thể loại biên sớm tàu sân bay duy nhất,Nga có thể loại biên sớm tàu sân bay duy nhất
content,result
Pháp luật,Pháp luật
content,result
Hồ sơ phá án,Hồ sơ phá án
content,result
Tư vấn,Tư vấn
content,result
Trẻ em ở Hà Nội bị xâm hại nhiều nhất nước trong năm 2018,Trẻ em ở Hà Nội bị xâm hại nhiều nhất nước trong năm 2018
content,result
Cách phạt đánh vào tâm lý của cảnh sát giao thông Trung Quốc,Cách phạt đánh vào tâm lý của cảnh sát giao thông Trung Quốc
content,result
Hình phạt với người cưỡng dâm tập thể dưới thời nhà Nguyễn,Hình phạt với người cưỡng dâm tập thể dưới thời nhà Nguyễn
content,result
Ý kiến,Ý kiến
content,result
Camera nhà tôi hỏng 3 năm nhưng trộm không dám dòm ngó,Camera nhà tôi hỏng 3 năm nhưng trộm không dám dòm ngó
content,result
Bàn về câu 'Tôi rất ân hận' mỗi khi tai nạn chết người,Bàn về câu 'Tôi rất ân hận' mỗi khi tai nạn chết người
content,result
'Cần kỷ luật những giáo viên che giấu vụ nữ sinh đánh bạn','Cần kỷ luật những giáo viên che giấu vụ nữ sinh đánh bạn'
content,result
,
content,result
Vợ chồng Lee Byung Hun dự hôn lễ Lee Jung Hyun,Vợ chồng Lee Byung Hun dự hôn lễ Lee Jung Hyun
content,result
Hoa anh đào nở rộ ở cố đô Hàn Quốc,Hoa anh đào nở rộ ở cố đô Hàn Quốc
content,result
Dân công sở ngủ gật trên đường bộc lộ văn hóa làm việc kiệt sức ở Nhật,Dân công sở ngủ gật trên đường bộc lộ văn hóa làm việc kiệt sức ở Nhật
content,result
Infographics,Infographics
content,result
,
content,result
,
content,result
Góc khuất trong thang máy,Góc khuất trong thang máy
content,result
Sách giáo khoa,Sách giáo khoa
content,result
Thể thao,Thể thao
content,result
Video,Video
content,result
Bóng đá,Bóng đá
content,result
Tennis,Tennis
content,result
VnExpress Marathon,VnExpress Marathon
content,result
HAGL - vẻ đẹp lạc lối ở V-League,HAGL - vẻ đẹp lạc lối ở V-League
content,result
Đối thủ của Từ Hiểu Đông được gọi là 'Ibrahimovic trong võ thuật',Đối thủ của Từ Hiểu Đông được gọi là 'Ibrahimovic trong võ thuật'
content,result
Costa có nguy cơ nghỉ 12 trận vì sỉ nhục trọng tài,Costa có nguy cơ nghỉ 12 trận vì sỉ nhục trọng tài
content,result
Kinh doanh,Kinh doanh
content,result
Doanh nghiệp,Doanh nghiệp
content,result
Bất động sản,Bất động sản
content,result
Startup,Startup
content,result
ViEF,ViEF
content,result
Công ty tài chính tiêu dùng có thể bị siết cho vay tiền mặt,Công ty tài chính tiêu dùng có thể bị siết cho vay tiền mặt
content,result
Giá dầu thế giới lên đỉnh 5 tháng,Giá dầu thế giới lên đỉnh 5 tháng
content,result
Bất động sản nghỉ dưỡng gặp khó vì thiếu hụt nhân lực du lịch,Bất động sản nghỉ dưỡng gặp khó vì thiếu hụt nhân lực du lịch
content,result
Sức khỏe,Sức khỏe
content,result
Tin tức,Tin tức
content,result
Các bệnh,Các bệnh
content,result
Khỏe đẹp,Khỏe đẹp
content,result
Dinh dưỡng,Dinh dưỡng
content,result
Bệnh nhân tử vong sau truyền đạm ở phòng khám tư,Bệnh nhân tử vong sau truyền đạm ở phòng khám tư
content,result
Chàng trai bị rối loạn tâm thần sau lo toan cho lễ cưới,Chàng trai bị rối loạn tâm thần sau lo toan cho lễ cưới
content,result
Cách tắm đêm an toàn tránh đột quỵ,Cách tắm đêm an toàn tránh đột quỵ
content,result
Giải trí,Giải trí
content,result
Giới sao,Giới sao
content,result
Phim,Phim
content,result
Nhạc,Nhạc
content,result
Thời trang,Thời trang
content,result
Truyền hình,Truyền hình
content,result
'Bom sex' Từ Đông Đông nhận nhẫn cầu hôn trong nồi lẩu,'Bom sex' Từ Đông Đông nhận nhẫn cầu hôn trong nồi lẩu
content,result
Xuân Lan: 'Con gái ủng hộ tôi có người yêu',Xuân Lan: 'Con gái ủng hộ tôi có người yêu'
content,result
Giám khảo The Voice UK cởi đồ ăn mừng chiến thắng,Giám khảo The Voice UK cởi đồ ăn mừng chiến thắng
content,result
Du lịch,Du lịch
content,result
Việt Nam,Việt Nam
content,result
Quốc tế,Quốc tế
content,result
Dấu chân,Dấu chân
content,result
Tư vấn,Tư vấn
content,result
Ảnh,Ảnh
content,result
Cẩm nang,Cẩm nang
content,result
Ngôi làng ở Nga biến mất mỗi khi có gió to,Ngôi làng ở Nga biến mất mỗi khi có gió to
content,result
Mùa hoa ô môi hồng rực rỡ ở miền Tây,Mùa hoa ô môi hồng rực rỡ ở miền Tây
content,result
"Khách Trung Quốc uống hết 2,5 lít sữa vì không muốn bị tịch thu","Khách Trung Quốc uống hết 2,5 lít sữa vì không muốn bị tịch thu"
content,result
Đời sống,Đời sống
content,result
Tổ ấm,Tổ ấm
content,result
Lối sống,Lối sống
content,result
Nhà,Nhà
content,result
Tiêu dùng,Tiêu dùng
content,result
"Chồng âm thầm triệt sản, vợ tuyệt vọng chữa vô sinh","Chồng âm thầm triệt sản, vợ tuyệt vọng chữa vô sinh"
content,result
Lễ hội Singapore đầu tiên tại Việt Nam thu hút hàng nghìn người,Lễ hội Singapore đầu tiên tại Việt Nam thu hút hàng nghìn người
content,result
10 dấu hiệu bạn đời không tôn trọng bạn,10 dấu hiệu bạn đời không tôn trọng bạn
content,result
Số hóa,Số hóa
content,result
Đời sống số,Đời sống số
content,result
Sản phẩm,Sản phẩm
content,result
Điện tử gia dụng,Điện tử gia dụng
content,result
Loa không dây hình bánh xe giá 105 triệu đồng,Loa không dây hình bánh xe giá 105 triệu đồng
content,result
Những smartphone 'tân trang' đáng mua đầu 2019,Những smartphone 'tân trang' đáng mua đầu 2019
content,result
Công nhân vệ sinh Trung Quốc phải đeo máy GPS,Công nhân vệ sinh Trung Quốc phải đeo máy GPS
content,result
Xe,Xe
content,result
Tư vấn,Tư vấn
content,result
Bảng giá,Bảng giá
content,result
Diễn đàn,Diễn đàn
content,result
Thị trường,Thị trường
content,result
Mua-Bán,Mua-Bán
content,result
Thi bằng lái,Thi bằng lái
content,result
Ôtô dốc ngược trong bãi đỗ để tiết kiệm diện tích,Ôtô dốc ngược trong bãi đỗ để tiết kiệm diện tích
content,result
"Đi tiếp sau khi tự ngã xe máy, cô gái bị ôtô đâm","Đi tiếp sau khi tự ngã xe máy, cô gái bị ôtô đâm"
content,result
Kia SP Signature concept - crossover cỡ B mới,Kia SP Signature concept - crossover cỡ B mới
content,result
Trả góp,Trả góp
content,result
Giáo dục,Giáo dục
content,result
Tuyển sinh,Tuyển sinh
content,result
Trắc nghiệm,Trắc nghiệm
content,result
Kid Lab,Kid Lab
content,result
Học tiếng Anh,Học tiếng Anh
content,result
Tiết mục tài năng của nhóm học sinh Anh khiến giám khảo bật khóc,Tiết mục tài năng của nhóm học sinh Anh khiến giám khảo bật khóc
content,result
Lời khuyên giúp phòng chống bắt nạt trên mạng,Lời khuyên giúp phòng chống bắt nạt trên mạng
content,result
Nhân viên nhà trẻ Australia được bồi thường hơn 200.000 đôla vì bị chủ nói xấu,Nhân viên nhà trẻ Australia được bồi thường hơn 200.000 đôla vì bị chủ nói xấu
content,result
Khoa học,Khoa học
content,result
Giải mã,Giải mã
content,result
Thường thức,Thường thức
content,result
Chuyện lạ,Chuyện lạ
content,result
Hỏi - Đáp,Hỏi - Đáp
content,result
Ong bắp cày khổng lồ có thể giết người bằng một vết đốt,Ong bắp cày khổng lồ có thể giết người bằng một vết đốt
content,result
Sư tử cái xoay xở chạy thoát sư tử đực và cá sấu,Sư tử cái xoay xở chạy thoát sư tử đực và cá sấu
content,result
Xác cá nhà táng dài 12 m dạt vào bãi đá Ireland,Xác cá nhà táng dài 12 m dạt vào bãi đá Ireland
content,result
Tâm sự,Tâm sự
content,result
Chuyên gia gỡ rối,Chuyên gia gỡ rối
content,result
Hẹn hò,Hẹn hò
content,result
Tôi mắc kẹt giữa hai người đàn ông quá yêu mình,Tôi mắc kẹt giữa hai người đàn ông quá yêu mình
content,result
"Phải chăng tất cả đàn ông đều ngoại tình, chỉ là bị phát hiện hay chưa","Phải chăng tất cả đàn ông đều ngoại tình, chỉ là bị phát hiện hay chưa"
content,result
Vợ chồng tôi chẳng làm gì chung ngoài chăm con,Vợ chồng tôi chẳng làm gì chung ngoài chăm con
content,result
Cười,Cười
content,result
Nam sinh Trung Quốc nhận điểm 0 vì vẽ tranh quá đẹp,Nam sinh Trung Quốc nhận điểm 0 vì vẽ tranh quá đẹp
content,result
Cô gái mặc quần có gai chống bị sàm sỡ trên xe buýt,Cô gái mặc quần có gai chống bị sàm sỡ trên xe buýt
content,result
Nữ biker nhặt rác trả lại cho chủ xe sang ý thức kém,Nữ biker nhặt rác trả lại cho chủ xe sang ý thức kém
content,result
Quà tặng,Quà tặng
content,result
Xem nhiều nhất,Xem nhiều nhất
content,result
Quá trình cồn cát 15 ha trồi lên mặt biển ở Quảng Nam,Quá trình cồn cát 15 ha trồi lên mặt biển ở Quảng Nam
content,result
Người dân miền Tây tát ao bắt cá đồng mùa nước cạn,Người dân miền Tây tát ao bắt cá đồng mùa nước cạn
content,result
Gương mặt biến đổi của Lương Bằng Quang sau phẫu thuật thẩm mỹ,Gương mặt biến đổi của Lương Bằng Quang sau phẫu thuật thẩm mỹ
content,result
Nghệ sĩ tại Mỹ tiễn biệt Anh Vũ,Nghệ sĩ tại Mỹ tiễn biệt Anh Vũ
content,result
'Vua tương ớt' đối đầu với người Thái,'Vua tương ớt' đối đầu với người Thái
content,result
Barca chạm một tay vào chức vô địch La Liga,Barca chạm một tay vào chức vô địch La Liga
content,result
Công ty tư nhân Mỹ sở hữu đội tiêm kích ngang không quân nhiều nước,Công ty tư nhân Mỹ sở hữu đội tiêm kích ngang không quân nhiều nước
content,result
Liên hệ quảng cáo,Liên hệ quảng cáo
content,result
Rao v?t VnExpress,Rao v?t VnExpress
content,result
,
content,result
,
content,result
An Biên Group giảm giá dịp khai trương showroom Yale thứ 2 tại TP HCM,An Biên Group giảm giá dịp khai trương showroom Yale thứ 2 tại TP HCM
content,result
IEC Quảng Ngãi tuyển dụng 200 nhân sự cho năm học đầu tiên,IEC Quảng Ngãi tuyển dụng 200 nhân sự cho năm học đầu tiên
content,result
Quang Hải tiếp tục là đại sứ thương hiệu của LG Việt Nam,Quang Hải tiếp tục là đại sứ thương hiệu của LG Việt Nam
content,result
Lịch sử 60 năm và bước chuyển mình của thương hiệu loa JBL,Lịch sử 60 năm và bước chuyển mình của thương hiệu loa JBL
content,result
Đồ chơi - 'người bạn' thân thiết trong thế giới quan của trẻ,Đồ chơi - 'người bạn' thân thiết trong thế giới quan của trẻ
content,result
Giảm thêm 300.000 đồng khi đặt trước Oppo F11 series trên Shop VnExpress,Giảm thêm 300.000 đồng khi đặt trước Oppo F11 series trên Shop VnExpress
content,result
Dược phẩm PyLoRa kinh doanh dược thảo đạt tiêu chuẩn Mỹ,Dược phẩm PyLoRa kinh doanh dược thảo đạt tiêu chuẩn Mỹ
content,result
Lý do hệ thống giải trí của Kingdom Corporation luôn hút khách,Lý do hệ thống giải trí của Kingdom Corporation luôn hút khách
content,result
Kích hoạt tế bào NK để tăng hệ miễn dịch tự nhiên cho người ung thư,Kích hoạt tế bào NK để tăng hệ miễn dịch tự nhiên cho người ung thư
content,result
Sohee mở hệ thống đại lý phân phối trên toàn quốc,Sohee mở hệ thống đại lý phân phối trên toàn quốc
content,result
CEO Sohee tham gia 'Diễn đàn người Việt có tầm ảnh hưởng' tại Pháp,CEO Sohee tham gia 'Diễn đàn người Việt có tầm ảnh hưởng' tại Pháp
content,result
Thảo dược Vitilinex hỗ trợ điều trị bệnh bạch biến,Thảo dược Vitilinex hỗ trợ điều trị bệnh bạch biến
content,result
Darling ra mắt tủ đông thông minh,Darling ra mắt tủ đông thông minh
content,result
Gói cước 4G ưu đãi của MobiFone,Gói cước 4G ưu đãi của MobiFone
content,result
"K+ tăng 35 kênh, thêm ưu đãi cho khách hàng","K+ tăng 35 kênh, thêm ưu đãi cho khách hàng"
content,result
Vicostone tổ chức chuỗi sự kiện lan tỏa thông điệp hạnh phúc,Vicostone tổ chức chuỗi sự kiện lan tỏa thông điệp hạnh phúc
content,result
Hội thảo liệu pháp phòng ngừa và điều trị ung thư bằng vaccine hệ miễn dịch HITV,Hội thảo liệu pháp phòng ngừa và điều trị ung thư bằng vaccine hệ miễn dịch HITV
content,result
Bất động sản quận 12 hút nhà đầu tư nhờ hạ tầng,Bất động sản quận 12 hút nhà đầu tư nhờ hạ tầng
content,result
Chăm sóc răng miệng miễn phí cho trẻ tại Bệnh viện Răng hàm mặt TP HCM,Chăm sóc răng miệng miễn phí cho trẻ tại Bệnh viện Răng hàm mặt TP HCM
content,result
Hải Phòng đánh giá cao ý tưởng đầu tư của Tập đoàn Geleximco,Hải Phòng đánh giá cao ý tưởng đầu tư của Tập đoàn Geleximco
content,result
,
content,result
,
content,result
Liên hệ quảng cáo,Liên hệ quảng cáo
content,result
,
content,result
,
content,result
,
content,result
,
content,result
,
content,result
,
content,result
,
content,result
,
content,result
,
content,result
,
content,result
,
content,result
,
content,result
,
content,result
,
content,result
,
content,result
,
content,result
,
content,result
,
content,result
,
content,result
,
content,result
,
content,result
,
content,result
VnExpress International – Vietnam and ASEAN news,VnExpress International – Vietnam and ASEAN news
