title,status
Hồn PaPa Da Con Gái,HD Thuyết Minh
Táo Quân 2019,HD
Mối Tình Đầu Của Tôi,HD Thuyết Minh
Những Cô Gái Trong Thành Phố,HD Thuyết Minh
Chạy Trốn Thanh Xuân,HD Thuyết Minh
Hậu Duệ Mặt Trời - Việt Nam,HD Thuyết Minh
Siêu Sao Siêu Ngố,HD Thuyết Minh
Cô Gái Đến Từ Hôm Qua,HD Thuyết Minh
Em Là Bà Nội Của Anh,HD Thuyết Minh
Tôi Thấy Hoa Vàng Trên Cỏ Xanh,HD Thuyết Minh
Tèo Em,HD Thuyết Minh
Cô Ba Sài Gòn,HD Thuyết Minh
Em Gái Mưa,HD Thuyết Minh
100 Ngày Bên Em,HD Thuyết Minh
Yêu Thì Ghét Thôi,HD Thuyết Minh
Quỳnh Búp Bê,HD Thuyết Minh
Người Phán Xử Tiền Truyện,HD Thuyết Minh
Gạo Nếp Gạo Tẻ,Thuyết Minh
Cánh Đồng Bất Tận,HD Thuyết Minh
Quả Tim Máu,HD Thuyết Minh
Yêu Đi Đừng Sợ,HD Thuyết Minh
Tấm Cám Chuyện Chưa Kể,HD Thuyết Minh
Em Chưa 18,HD Thuyết Minh
